Артикул;Картинка для анонса;Внешний код;Название;Активность;ID;Индификатор onliner
YJ1971957066;https://shtychki.by/upload/iblock/40a/kyq7j1may75dvscve6bajejz2ay8adh0.JPG;pfNCgZxWiiAiuLdvV06sb1;Автомобильный держатель гравитационный в решетку обдува Profit MG03 (черный);Да;89005;89005
YJ197192385;https://shtychki.by/upload/iblock/40e/kl25etu3dr7scc41wyshrs4pa7saa5pi.jpg;A5lwFZIchRspc3SxVzeao2;Магнитный держатель Borofone BH8;Да;78926;78926
YJ197193785;https://shtychki.by/upload/iblock/309/paucs6gmu1m0tew39aueqdvpk7pqlcll.jpg;g340yNNqhxoctcIxDPLD61;Автомобильный держатель магнитный на панель Borofone BH7 (серебристый);Да;82349;82349
YJ197194979;https://shtychki.by/upload/iblock/f0d/vmc6y4et5dt8b1yc3gh4sw5chd3ou3yx.jpg;kWhMUK2Iitkf3U1UkcENr2;Автомобильный держатель магнитный на панель Borofone BH7 (черный);Да;84550;84550
YJ1971957026;https://shtychki.by/upload/iblock/493/d2chmpitlaqm2jxmyeytpn0os415zrg5.png;RmHpZvhwiHaZM-hG3UHb92;Автомобильный держатель гравитационный в решетку обдува Borofone BH9 (черный);Да;88893;88893
YJ197195719388;https://shtychki.by/upload/iblock/fd4/pdnk74xl9qf0x4dgqx6ef03pnvftpuqe.png;VfSS0YqCgpDpEqK6qYskm1;Автомобильные держатель разжимной в решетку обдува Borofone BH19;Да;90448;90448
25835963;https://shtychki.by/upload/iblock/4c3/67daic814iwx231eelwywdqxdhlygzow.jpg;BiEnyoU5ggmjxMieRwSBs0#tgvXIZvDjvm-hHe4PVrUY3;Держатель Hoco CPH01 (серый);Да;73810;73810
25839678;https://shtychki.by/upload/iblock/d77/d77033f72958624e8a7da5af5203685b.jpg;KKgkWKtfjzFAWx5E9nN3r0;Магнитный держатель Hoco CA23 Lotto;Да;76842;76842
25839894;https://shtychki.by/upload/iblock/755/yugqhcckltac9v72kyiip1gdvsfhkv99.jpg;29dDznZqgmQ9anGL0-2Vc0;Держатель для портативных устройств Hoco CA55;Да;76854;76854
25839679;https://shtychki.by/upload/iblock/659/79jydld8yiewvyrweomibv96q1ad9g75.jpg;xX3qyeTxgfB6ZRXXgHL4V2;Держатель для портативных устройств Hoco CA61;Да;76901;76901
25839893;https://shtychki.by/upload/iblock/564/9i1uynets6cj7vbvx80xvyq1ky2so1e8.jpg;Gp3O4ahLhp4v3ld-ZlZou2;Магнитный держатель Hoco CA53;Да;77019;77019
YJ197190888;https://shtychki.by/upload/iblock/0c0/ytn0cxe2wks2fux5ga67gv3nym1cx42y.jpg;5QL9d0SWgHRm5afPOtqaQ2;Держатель для портативных устройств Hoco CA59;Да;77713;77713
YJ197191755;https://shtychki.by/upload/iblock/0c6/mm7d5jop4lvj7jlyan08kb8b3jlgd4yy.jpg;s6x7eZywgZohs0b4MR8jX0;Держатель Hoco CA40 (черный);Да;78558;78558
YJ197192055;https://shtychki.by/upload/iblock/0c8/zzm13mf3sar4p9oc1m5gb2qfp5twi0ul.jpg;7dGg95vAihD6CjfQxpWLa0;Автомобильный держатель разжимной на панель Hoco CA5 (черный);Да;83359;83359
YJ197194161;https://shtychki.by/upload/iblock/fd1/t3k8e36l6j5bcj7lkrtljppz4dd4y0xn.jpg;RfVilqb6gMOxGaRheLPbe2;Автомобильный держатель магнитный в решетку обдува Hoco CA65 (черный);Да;83410;83410
YJ197195381;https://shtychki.by/upload/iblock/e57/q280wt8qxigdewut4tka6tjku6vn36us.jpg;7JG0OcFDgqsVrUfjk-3ZJ0;Автомобильный держатель магнитный в решетку обдува Hoco S49 (черный);Да;85150;85150
YJ1971956931;https://shtychki.by/upload/iblock/98b/kurwht047gpgy9dxt5bk4t38oetmmivi.png;heaYFQJuiYXnAHZFp9DHw0;Автомобильный держатель CA56 Plus (черный);Да;88324;88324
YJ197195718895;https://shtychki.by/upload/iblock/1f0/ikrchi5ivdfnhh837wsa6fj3kseo8wdr.png;v6ruHyc8hTZM6xtc4Gw3Z3;Автомобильный держатель магнитный на панель, стекло Hoco CA98 (черный);Да;89930;89930
YJ197195720118;https://shtychki.by/upload/iblock/ac5/6pq15276mlpy1143jyk4mllb57vztqtx.jpg;cQNTF84kiUTY7T2vJhqkt1;Автомобильный держатель гравитационный в решетку обдува Hoco CA56 Plus (серебряный);Да;92937;92937
25834300;https://shtychki.by/upload/iblock/010/pys9p22i64o8o3ig52oy8lx3bvxkfb1j.jpg;NUxVaPkLh7xllmw14QA6p2;Пластина для магнитного автодержателя Pefeo PH-040;Да;76417;76417
ACDR-AOS;https://shtychki.by/upload/iblock/e02/w2rkg5f2wvd71lb8ci8jfksitfwyc5l4.jpg;i5onfH0wiD29V20OzzTbi2;Пластина для магнитного держателя Baseus Magnet Iron Suit;Да;72169;72169
SUHZ-2S;https://shtychki.by/upload/iblock/535/5350bf03b5bade850c3b659fe1508c54.jpg;eAMDnzd3jmIIVIldcZ-ZR0#uJndsXOXis7th05hLmfdp2;Держатель для планшета Baseus Back Seat Car Mount Holder (белый);Да;73670;73670
SUHZ-91;https://shtychki.by/upload/iblock/ee2/ee27a37656795e62197f47faacba6199.jpg;eAMDnzd3jmIIVIldcZ-ZR0#CHHxEYBGisC5g01IaCqNh3;Держатель для планшета Baseus Back Seat Car Mount Holder (красный);Да;73671;73671
SUHZ-01;https://shtychki.by/upload/iblock/94f/94ffebd452ea1e400999ec3a34410720.jpg;eAMDnzd3jmIIVIldcZ-ZR0#TvMviVYujYnRTJyUwz3hf3;Держатель для планшета Baseus Back Seat Car Mount Holder (черный);Да;73672;73672
SUGX-01;https://shtychki.by/upload/iblock/e13/xugragz2p76ayarulfuw15ei6hceu85t.jpg;mmAhCCogiWYq2uAdkDFsf2#jjtHptPLizBwXI2dM6Cgw1;Держатель Baseus Stable Series Car Mount (Sugx-01) (черный);Да;73766;73766
SUER-B0S;https://shtychki.by/upload/iblock/663/wvaujnlzxsahxu30fqj54qrv35rhqlxc.png;g1hfm8OUgUv8Bn8ofSjCC2#zi7tj0iBgLGuHMaJs5J-P0;Магнитный держатель Baseus Small Ears Series Magnetic Bracket (Vertical type) (белый);Да;73767;73767
SUER-B09;https://shtychki.by/upload/iblock/405/405a6e9dd8c685cb402351c1a9753646.jpg;g1hfm8OUgUv8Bn8ofSjCC2#EiehRsHpjUbw8vzCzFT9v1;Магнитный держатель Baseus Small Ears Series Magnetic Bracket (Vertical type) (красный);Да;73768;73768
SUER-B01;https://shtychki.by/upload/iblock/360/360daef5bfef6f8a8f395afe4f8a2970.jpg;ZqDNzkb5iNcovmHD0yzz40;Магнитный держатель Baseus Small Ears Series Magnetic Bracket (Vertical type) (черный);Да;73770;73770
WXYL-01;https://shtychki.by/upload/iblock/84a/zfh2urcvr3ziqzqhfxesr8aa6x6ehp40.jpg;j1wzWmnnj7FXgbpGzz8mN2#3yrAX7NbicOt0XjyQHIho1;Держатель с беспроводной зарядкой Baseus WXYL-01 (черный);Да;73772;73772
SUWNT-02;https://shtychki.by/upload/iblock/2f6/2f62a7ba9eef6fdac58eb9a871ec4519.jpg;vqyg5aX3jhnuXXyei65Fv2#v4BZ2kK3hFgOAjV4xttGr3;Коврик Baseus Folding Bracket Antiskid Pad (прозрачный);Да;73780;73780
SUWNT-01;https://shtychki.by/upload/iblock/aac/viizxk3enipz4jy2uec5juqio3r6hgy6.jpg;vqyg5aX3jhnuXXyei65Fv2#4pjmSdmVjdTDhbQPBwu2A1;Коврик Baseus Folding Bracket Antiskid Pad (черный);Да;73781;73781
SUYL-HP02;https://shtychki.by/upload/iblock/2a9/2a9ae975e39998e123859836c6ae1aa2.jpg;3dhjhDvegguzMjtRPa9cE1#PZZIUWltg544-w6z749LI1;Держатель Baseus Horizontal Screen Gravity (SUYL-HP02) (белый);Да;73786;73786
SUYL-HP01;https://shtychki.by/upload/iblock/c7f/c7fd910cb14ce91e50cbb404394df8bf.jpg;3dhjhDvegguzMjtRPa9cE1#XiyzFQ0IjVAJ0hXFwrKBu3;Держатель Baseus Horizontal Screen Gravity (SUYL-HP) (черный);Да;73787;73787
SUYL-WL0S;https://shtychki.by/upload/iblock/9a5/9a50670ee0b8951596e1defd33ea4dda.jpg;NC0CFhyyjP6HULTExApZS3#KnwEA04JgnmaxWECY5r4k1;Держатель Baseus Future Gravity Car Mount (Suyl-WL0S) (серебристый);Да;73791;73791
SUYL-WL01;https://shtychki.by/upload/iblock/b7b/awybgquf3572i5ugf0i2qbcqynctxaum.jpg;NC0CFhyyjP6HULTExApZS3#F-4sgAxEiXacenIsODSf03;Держатель Baseus Future Gravity Car Mount (Suyl-WL01) (черный);Да;73793;73793
SUGX-A0V;https://shtychki.by/upload/iblock/659/w44o5hy1xsdhqbdwoamvczlz374nh4ki.jpg;4putMgF9ja5lU-VDG2Ira2#yuR97ghTiAr5H3Sf95YEY2;Магнитный держатель Baseus Magnetic Air Vent Car Mount Holder (золотой);Да;73795;73795
SUGX-A09;https://shtychki.by/upload/iblock/848/zbysjdtxiabeme8jst2bmdo29yhsvyat.jpg;4putMgF9ja5lU-VDG2Ira2#v017d3WygKBO9Ica9IzJg2;Магнитный держатель Baseus Magnetic Air Vent Car Mount Holder (красный);Да;73796;73796
SUGX-A01;https://shtychki.by/upload/iblock/36f/xgleo7p3dfknt1n56e0gjb4sl3dyd2od.jpg;cc0sdg52jEn89Twgi2oh03;Магнитный держатель Baseus Magnetic Air Vent Car Mount Holder (черный);Да;73797;73797
SUHS-DP01;https://shtychki.by/upload/iblock/6d4/6d489775dbf40bfdf28b843c1dda2979.jpg;2yhLHV6GhhLg1YKt6MWFw2#CbOskh9ggtgonM0eJWDGa1;Магнитный держатель Baseus Double clip Vehicle Mount (Horizontal type) (черный);Да;73799;73799
SUMQ-PR01;https://shtychki.by/upload/iblock/e2c/p9loo27fc1w05xyfnveby6x6ek7aqvnf.jpg;OKlTThX2gi99Cx9g8szKN0#3y7b0gmAhJI5q4-KCt0H01;Магнитный держатель Baseus Privity Series Pro Air outlet Magnet Bracket (Genuine leather) (черный);Да;73801;73801
SULX-0V;https://shtychki.by/upload/iblock/efc/efcb1f8b1d4d4a0341bbdda1d6156ab0.jpg;iJBbkXPcgXiN6j3wU7xHr2#jkHkyxHpjG94NiZQPNYxa3;Магнитный держатель Baseus Solid Series Telescopic Magnetic Car Mount (золотой);Да;73803;73803
SULX-0S;https://shtychki.by/upload/iblock/a34/a345ded2d5aff8fe5b74eba27341d49b.jpg;iJBbkXPcgXiN6j3wU7xHr2#G65xMzsggO5nGZkFv3lTd3;Магнитный держатель Baseus Solid Series Telescopic Magnetic Car Mount (серебристый);Да;73804;73804
SUER-C0S;https://shtychki.by/upload/iblock/c02/c027bf34302da52781dadf66fabfb2b3.jpg;lgLpIKSHhFPYXa9xSpYu-3#30UgHq8kgAGjC4hUQX9Ce0;Магнитный держатель Baseus Small ears series Magnetic suction bracket (серебристый);Да;73808;73808
SUER-C01;https://shtychki.by/upload/iblock/ced/cedfa109ff9926b2930713b02e1352e4.jpg;lgLpIKSHhFPYXa9xSpYu-3#pI-4tc7BgWx-gs3qX0r6G3;Магнитный держатель Baseus Small ears series Magnetic suction bracket (черный);Да;73809;73809
SUYL-J01;https://shtychki.by/upload/iblock/527/mx7c81yk6s0r80w16n7ssnjyr526qgg2.jpg;FFu4aY0xjvaPWu7cy6MR01;Держатель Baseus Metal Age Gravity Car Mount CD version (черный);Да;73813;73813
SUYZD-0S;https://shtychki.by/upload/iblock/5f8/5f82b1bc1370a0e73ffb8353d9c2bc24.jpg;dhHpM-cnjPeDveV9Lwghg2#Un5O6-XZiiUdgWuhvvijK3;Магнитный держатель Baseus Bullet An on-board (серебристый);Да;73814;73814
SUYZD-01;https://shtychki.by/upload/iblock/19c/fp0uzp6ueqdc0blz5pbtavh4l7ootj2g.jpg;dhHpM-cnjPeDveV9Lwghg2#cFC3fQNtg9b9vQxFOBRxy2;Магнитный держатель Baseus Bullet An on-board (черный);Да;73815;73815
WXYL-A01;https://shtychki.by/upload/iblock/7ba/7ba8e7d275fa8824b8c0ea44941c311a.jpg;qdOgWJaMg57xK7PPXeyn-2;Держатель с беспроводной зарядкой Baseus WXYL-A01 (черный);Нет;76613;76613
SUYL-XP01;https://shtychki.by/upload/iblock/076/rb5zt1byskuxf2bfldrkevtpwhtcqwtf.jpg;L-8seYeYjQjsrUAQGz78C0;Держатель Baseus Osculum Type Gravity Car Mount;Да;76642;76642
WXHW03-01;https://shtychki.by/upload/iblock/b6d/72cevlxvno98kn95brstk0tpm60vlh0m.jpg;WRO4OtXKh6givezPyE8cF0;Автомобильный держатель для телефона с беспроводной быстрой зарядкой Baseus Light Electric 15W - Черный (WXHW03-01);Да;77305;77305
SUYL-LG01;https://shtychki.by/upload/iblock/e76/j4m3eaxv7pbjtzf1ylf03yl5gvd15p4w.jpg;c5txLIpZjmU4wqGrAymEK0;Автомобильный держатель гравитационный в решетку обдува Baseus Glaze Gravity Car Mount (черный);Да;79753;79753
SULD-03;https://shtychki.by/upload/iblock/798/blu12gyq1olmvldd9jixyd4j50mjytux.jpg;2M2ik-QthJo0g0fqQvnZq3;Автомобильный держатель магнитный в решетку и на панель Baseus Radar Magnetic Car Mount (синий);Да;81589;81589
SULD-01;https://shtychki.by/upload/iblock/1a5/knkj4lbezl4ifjm3lsm2n82b8kl4ejxl.jpg;g9jE01OOguwvOFiqxpsOm0;Автомобильный держатель магнитный в решетку и на панель Baseus Radar Magnetic Car Mount (черный);Да;81591;81591
SUYL-XP09;https://shtychki.by/upload/iblock/936/2p27l4w245gq89376m3xe6r7c2uxidxx.png;ftW0MC27hvFV8fr76gSUo1;Автомобильный держатель гравитационный на панель Baseus Osculum Type Gravity Car Mount (красный));Да;81882;81882
WXJN-01;https://shtychki.by/upload/iblock/eae/ti0peznxb6foitr7dy8a9acykpjshkof.jpg;0VDxlDUmgzJ8gxr5QudR01;Автомобильный держатель Baseus Big Energy Car Mount Wireless Charger 15W (WXJN-01);Да;83175;83175
SUYL-LG04;https://shtychki.by/upload/iblock/f5f/d31p5x47b59lrqmq17b4g0z9p124n6k8.jpg;e7BumnMIhTyu7XJqQ6LAA1;Автомобильный держатель гравитационный в решетку обдува Baseus Glaze Gravity Car Mount (розовый);Да;84515;84515
SULR-0G;https://shtychki.by/upload/iblock/8a3/i43zjfav5j5x8vlz18kaiefm03g5806n.jpg;Efx4apkzjwr1kAR3rca-m1;Держатель для телефона Baseus Unlimited Adjustment Lazy (черный);Да;88847;88847
YJ197195719211;https://shtychki.by/upload/iblock/e73/y530xqi9epv6pdiy5c5vk32m3p45im2i.png;6FajWENuhWJIgNQt9irBr0;Автомобильный держатель разжимной на панель Borofone BH39;Да;90192;90192
25833878;https://shtychki.by/upload/iblock/dd9/udctua6cppetrf04vfp544vllsbvtrns.jpg;0ZscX0GrgTOkFr3IoZbUT0;Автомобильный держатель с функцией беспроводной зарядки Xiaomi Wireless Car Charger (WCJ02ZM);Да;72432;72432
2581580;https://shtychki.by/upload/iblock/f5b/y6kt2aaerf0gd3vfsp41ybxr5dix2372.jpg;VsYGClN6j5z18yMaGZcXs2;Держатель Defender Car holder 101+;Да;71107;71107
YJ197191510;https://shtychki.by/upload/iblock/52d/mgu9pgrc8nhg20yq6jeio9e1q3kh4rfc.jpg;m5QpRMegiKJtcjOQBnA6g3;Автомобильные держатель разжимной в решетку обдува Defender CH-125;Да;80157;80157
0194;https://shtychki.by/upload/iblock/ace/72oqurwuc0zhyucfxtj4eji8bwh5b6cx.jpg;0UWRJZvrhAroq0cErWzCr2;Держатель Defender Car holder 111;Да;71104;71104
21423;https://shtychki.by/upload/iblock/bbb/bbbb960dd81b3d575b110ed7000eb37f.jpg;Ym8p3FhOhtDNOssi2RmLj0;Магнитный держатель Ritmix RCH-025 W Sticky Pad;Да;71115;71115
0228;https://shtychki.by/upload/iblock/187/18741828a97e3a09e238fe3449b8d5c5.jpg;TplqqB6Hhvm3tocngkZxQ0;Держатель для портативных устройств Magnetic Air;Да;71207;71207
2581217;https://shtychki.by/upload/iblock/8b6/8b621b835e5db3c398f2d45af0cde26c.jpg;UupLaGQBjHGN3jhz4oWAy0;Держатель для портативных устройств Mount Holder;Да;71599;71599
2581214;https://shtychki.by/upload/iblock/443/443416db0d9c3863436f8cb55d19e62c.jpg;mdLqw3tOi6MnAhoS8I8Ec1;Держатель для портативных устройств Carmount;Да;71602;71602
0195;https://shtychki.by/upload/iblock/f02/f02dcf31bd456f6e02453788c2fd4e3b.jpg;5LRWhhLLhiUBuJ1T0Wb862;Держатель для портативных устройств Ritmix RCH-010W;Да;71605;71605
YJ197193123;https://shtychki.by/upload/iblock/311/31106782043757d25e7b57efcc7460af.jpg;FmPmbO5JjFHxTFJpqvFOu0;Магнитный держатель Ritmix RCH-005;Да;71966;71966
2582292;https://shtychki.by/upload/iblock/6b0/6b0005bf1dc8de05a5f8b2d0adb0abaa.jpg;NiiCk6d4i-VG65pND13pD0;Держатель Ritmix RCH-105 W;Да;71975;71975
25835962;https://shtychki.by/upload/iblock/aac/aacf5bb1bc35f0a6bc9b9371fc8dcc0c.jpg;aW9XFZYXjoW4pWp-0aH-z2#jUbK1qn-jBTTNHUf4fmar0;Коврик на панель противоскользящий Blast BCH-595 (черный);Да;73802;73802
25835956;https://shtychki.by/upload/iblock/f1a/f1a336a91bc7fa7ed594277e7ae97997.jpg;eopRDWS8js-tjJfHP3-OX0;Магнитный держатель Xiaomi Roidmi Holder (серебристый);Да;74015;74015
YJ197191183;https://shtychki.by/upload/iblock/e09/e0988e2ec5c39111b5c143548d3b3541.jpg;79Pd0f0OgOxZafMzo9nz21;Держатель для портативных устройств Imolint JHD-113 (белый);Да;77938;77938
YJ197191473;https://shtychki.by/upload/iblock/e0d/e0d82d0f2a77771f8e5663d084ef4c96.jpg;4jcSmzWLid8HJd9t2j2JQ3;Держатель с беспроводной зарядкой 70mai Midrive PB01;Да;78145;78145
YJ197191508;https://shtychki.by/upload/iblock/efe/efe5b5a212da4393f34827a8c7cfe210.jpg;ht4DNF-chrRGkWnWHmQGY1;Держатель Defender CH-223;Да;78192;78192
YJ197192893;https://shtychki.by/upload/iblock/d4a/oqszxk2uauo4l7jkbpgrapdwtld8h1kg.jpg;okN9WghejGMdES-y03Ies2;Автомобильные держатель разжимной в решетку обдува Ritmix RCH-007 V;Да;80142;80142
0193;https://shtychki.by/upload/iblock/fb6/yxdzi5qwk9pixiqre1xk8vupgx2rthth.jpg;nKamDWYMiS5TFDkHkZw8C2;Держатель для планшета в машину на лобовое стекло Defender 201+;Да;82072;82072
