/catalog/zashchitnoe-steklo-dlya-huawei-gr3-2017/;/catalog/zashchitnye-stekla-dlya-telefona-huawei-gr3-2017/;301
/catalog/zashchitnye-stekla-dlya-huawei-honor-10/;/catalog/zashchitnye-stekla-dlya-telefona-huawei-honor-10/;301
/catalog/zashchitnye-stekla-dlya-huawei-p-smart-2019/;/catalog/zashchitnye-stekla-dlya-telefona-huawei-p-smart-2019/;301
/catalog/zashchitnye-stekla-dlya-huawei-honor-20/;/catalog/zashchitnye-stekla-dlya-telefona-huawei-honor-20/;301
/catalog/zashchitnye-stekla-dlya-huawei-p40-lite/;/catalog/zashchitnye-stekla-dlya-telefona-huawei-p40-lite/;301
/catalog/zashchitnye-stekla-dlya-huawei-honor-30/;/catalog/zashchitnye-stekla-dlya-telefona-huawei-honor-30/;301
/catalog/zashchitnye-stekla-dlya-huawei-honor-8/;/catalog/zashchitnye-stekla-dlya-telefona-huawei-honor-8/;301
/catalog/zashchitnye-stekla-dlya-huawei-mate-20/;/catalog/zashchitnye-stekla-dlya-telefona-huawei-mate-20/;301
/catalog/zashchitnye-stekla-dlya-huawei-mate-20-lite/;/catalog/zashchitnye-stekla-dlya-telefona-huawei-mate-20-lite/;301
/catalog/zashchitnye-stekla-dlya-huawei-mate-9/;/catalog/zashchitnye-stekla-dlya-telefona-huawei-mate-9/;301
/catalog/zashchitnye-stekla-dlya-huawei-p-smart/;/catalog/zashchitnye-stekla-dlya-telefona-huawei-p-smart/;301
/catalog/zashchitnye-stekla-dlya-huawei-p10/;/catalog/zashchitnye-stekla-dlya-telefona-huawei-p10/;301
/catalog/zashchitnye-stekla-dlya-huawei-p20-lite/;/catalog/zashchitnye-stekla-dlya-telefona-huawei-p20-lite/;301
/catalog/zashchitnye-stekla-dlya-huawei-p30/;/catalog/zashchitnye-stekla-dlya-telefona-huawei-p30/;301
/catalog/zashchitnye-stekla-dlya-huawei-p30-lite/;/catalog/zashchitnye-stekla-dlya-telefona-huawei-p30-lite/;301
/catalog/zashchitnye-stekla-dlya-xiaomi-mi-9-lite/;/catalog/zashchitnye-stekla-dlya-telefona-xiaomi-mi-9-lite/;301
/catalog/zashchitnye-stekla-dlya-xiaomi-mi-9t/;/catalog/zashchitnye-stekla-dlya-telefona-xiaomi-mi-9t/;301
